abs	/Users/achyland/Desktop/fencerunner/scratch/inheritance/abs	/Users/achyland/Desktop/fencerunner/scratch/inheritance/abs/abs.sh
array-contains	/Users/achyland/Desktop/fencerunner/scratch/inheritance/array-contains	/Users/achyland/Desktop/fencerunner/scratch/inheritance/array-contains/array-contains.sh
array-to-string	/Users/achyland/Desktop/fencerunner/scratch/inheritance/array-to-string	/Users/achyland/Desktop/fencerunner/scratch/inheritance/array-to-string/array-to-string.sh
center-text	/Users/achyland/Desktop/fencerunner/scratch/inheritance/center-text	/Users/achyland/Desktop/fencerunner/scratch/inheritance/center-text/center-text.sh
check-prerequisites	/Users/achyland/Desktop/fencerunner/scratch/inheritance/check-prerequisites	/Users/achyland/Desktop/fencerunner/scratch/inheritance/check-prerequisites/check-prerequisites.sh
compare-versions	/Users/achyland/Desktop/fencerunner/scratch/inheritance/compare-versions	/Users/achyland/Desktop/fencerunner/scratch/inheritance/compare-versions/compare-versions.sh
contains	/Users/achyland/Desktop/fencerunner/scratch/inheritance/contains	/Users/achyland/Desktop/fencerunner/scratch/inheritance/contains/contains.sh
countdown	/Users/achyland/Desktop/fencerunner/scratch/inheritance/countdown	/Users/achyland/Desktop/fencerunner/scratch/inheritance/countdown/countdown.sh
error-messages	/Users/achyland/Desktop/fencerunner/scratch/inheritance/error-messages	/Users/achyland/Desktop/fencerunner/scratch/inheritance/error-messages/error-messages.sh
get-confirmation	/Users/achyland/Desktop/fencerunner/scratch/inheritance/get-confirmation	/Users/achyland/Desktop/fencerunner/scratch/inheritance/get-confirmation/get-confirmation.sh
get-git-root	/Users/achyland/Desktop/fencerunner/scratch/inheritance/get-git-root	/Users/achyland/Desktop/fencerunner/scratch/inheritance/get-git-root/get-git-root.sh
get-script-info	/Users/achyland/Desktop/fencerunner/scratch/inheritance/get-script-info	/Users/achyland/Desktop/fencerunner/scratch/inheritance/get-script-info/get-script-info.sh
get-terraform-version	/Users/achyland/Desktop/fencerunner/scratch/inheritance/get-terraform-version	/Users/achyland/Desktop/fencerunner/scratch/inheritance/get-terraform-version/get-terraform-version.sh
get-version-string	/Users/achyland/Desktop/fencerunner/scratch/inheritance/get-version-string	/Users/achyland/Desktop/fencerunner/scratch/inheritance/get-version-string/get-version-string.sh
is-git-repo	/Users/achyland/Desktop/fencerunner/scratch/inheritance/is-git-repo	/Users/achyland/Desktop/fencerunner/scratch/inheritance/is-git-repo/is-git-repo.sh
rollingback	/Users/achyland/Desktop/fencerunner/scratch/inheritance/rollingback	/Users/achyland/Desktop/fencerunner/scratch/inheritance/rollingback/rollingback.sh
stacktrace	/Users/achyland/Desktop/fencerunner/scratch/inheritance/stacktrace	/Users/achyland/Desktop/fencerunner/scratch/inheritance/stacktrace/stacktrace.sh
strict-mode	/Users/achyland/Desktop/fencerunner/scratch/inheritance/strict-mode	/Users/achyland/Desktop/fencerunner/scratch/inheritance/strict-mode/strict-mode.sh
sudo-librarian-puppet	/Users/achyland/Desktop/fencerunner/scratch/inheritance/sudo-librarian-puppet	/Users/achyland/Desktop/fencerunner/scratch/inheritance/sudo-librarian-puppet/sudo-librarian-puppet.sh
terminal-or-not	/Users/achyland/Desktop/fencerunner/scratch/inheritance/terminal-or-not	/Users/achyland/Desktop/fencerunner/scratch/inheritance/terminal-or-not/terminal-or-not.sh
untag	/Users/achyland/Desktop/fencerunner/scratch/inheritance/untag	/Users/achyland/Desktop/fencerunner/scratch/inheritance/untag/untag.sh
using-colour	/Users/achyland/Desktop/fencerunner/scratch/inheritance/using-colour	/Users/achyland/Desktop/fencerunner/scratch/inheritance/using-colour/using-colour.sh
using-set	/Users/achyland/Desktop/fencerunner/scratch/inheritance/using-set	/Users/achyland/Desktop/fencerunner/scratch/inheritance/using-set/using-set.sh
variable-replace	/Users/achyland/Desktop/fencerunner/scratch/inheritance/variable-replace	/Users/achyland/Desktop/fencerunner/scratch/inheritance/variable-replace/variable-replace.sh
verbose-mode	/Users/achyland/Desktop/fencerunner/scratch/inheritance/verbose-mode	/Users/achyland/Desktop/fencerunner/scratch/inheritance/verbose-mode/verbose-mode.sh
